{
    "accuracy": 0.7940893029232252,
    "precision": 0.7833441769681198,
    "recall": 0.7962962962962963,
    "auc": 0.8708328376114134
}